;0
3;3.48
11;7.22
98;4.09
;1
97;8.35
100;10.79
183;2
;2
52;3.36
115;2.98
;3
0;3.48
108;12.42
;4
8;4.72
28;8.24
51;19.06
84;10.98
;5
9;30.11
13;12.94
71;5
92;7.25
;6
56;2.82
116;3.2
;7
12;7.7
92;12.1
;8
4;4.72
28;10.1
111;9.09
;9
5;30.11
33;17.1
80;4.65
;10
61;2.92
103;3.68
;11
0;7.22
;12
7;7.7
182;2
;13
5;12.94
19;16.05
66;3.28
;14
34;13.63
61;7.12
74;8.54
;15
69;1.83
87;10.19
92;29.6
;16
18;6.18
20;13.71
70;6.79
;17
84;6.73
88;8.82
141;2
;18
16;6.18
23;11.18
52;18.07
77;17.32
;19
13;16.05
24;3.93
63;2.36
;20
16;13.71
114;3.56
;21
89;3.33
123;4.21
;22
73;5.96
81;11.17
111;9.55
;23
18;11.18
24;23.04
37;12.08
73;17.66
;24
19;3.93
23;23.04
68;2.49
;25
35;5.08
89;4.39
;26
72;10.87
77;5.8
111;9.34
;27
30;15.25
32;6.68
37;11.35
;28
4;8.24
8;10.1
162;2
;29
32;12.53
54;18.34
70;17.82
101;54.57
;30
27;15.25
113;3.22
;31
64;8.62
111;10.74
41;5.04
;32
27;6.68
29;12.53
38;18
41;18.49
;33
9;17.1
38;20.37
90;3.28
;34
14;13.62
39;3.64
44;18.16
;35
25;5.08
40;6.18
45;4.09
;36
50;8.35
54;4.82
111;10.94
;37
23;12.08
27;11.35
43;1.91
70;11.54
;38
32;18
33;20.37
95;3.15
;39
34;3.64
119;4.05
;40
35;6.18
;41
31;5.04
32;18.49
54;12.7
64;6.49
;42
48;15.43
55;8.9
99;5.72
;43
37;1.91
155;1
;44
34;18.16
47;2.45
93;22.98
;45
35;4.09
49;6.63
58;3.99
;46
55;11.14
83;8.09
93;14.97
;47
44;2.45
117;3.03
;48
42;15.43
120;3.85
;49
45;6.63
;50
36;8.35
54;6.15
169;2
;51
4;19.06
53;26.6
55;15.16
65;11.08
;52
2;3.36
18;18.07
56;17.07
;53
51;26.6
57;3.36
82;16.17
;54
29;18.34
36;4.82
41;12.7
50;6.15
;55
42;8.9
46;11.14
51;15.16
60;2.18
;56
6;2.82
52;17.07
61;6.63
;57
53;3.36
121;4.03
;58
45;3.99
108;12.73
;59
75;4.45
93;18.97
94;6.44
97;11.44
;60
55;2.18
160;1
;61
10;2.92
14;7.12
56;6.63
;62
67;2.63
79;15.02
99;26.24
;63
19;2.36
106;3.14
;64
31;8.62
41;6.49
149;2
;65
51;11.08
83;6.54
84;19.34
101;48.66
;66
13;3.28
112;4.59
;67
62;2.63
107;8.36
;68
24;2.49
106;2.92
;69
15;1.83
223;1
;70
16;6.79
29;17.82
37;11.54
;71
5;5
105;17.69
;72
26;10.87
77;7.13
204;2
;73
22;5.96
23;17.66
77;12.33
81;7.33
;74
14;8.54
142;2
;75
59;4.45
94;9.13
111;11.01
;76
98;6.63
219;2
;77
18;17.32
26;5.8
72;7.13
73;12.33
;78
101;7.63
148;2
;79
62;15.02
85;2.67
89;2.56
;80
9;4.65
105;14.83
;81
22;11.17
73;7.33
131;2
;82
53;16.17
86;3
91;5.63
;83
46;8.09
65;6.54
102;13.53
;84
4;10.98
17;6.73
65;19.34
88;4.54
;85
79;2.67
107;7.94
;86
82;3
122;4.41
;87
15;10.19
110;5.09
124;6.61
;88
17;8.82
84;4.54
111;9.12
;89
21;3.33
25;4.39
79;2.56
;90
33;3.28
104;12.73
;91
82;5.63
98;5.18
;92
5;7.25
7;12.1
15;29.6
96;5.12
;93
44;22.98
46;14.97
59;18.97
99;11.26
;94
59;6.44
75;9.13
250;2
;95
38;3.15
104;12.56
;96
92;5.12
132;2
;97
1;8.35
59;11.44
99;18.88
100;4.72
;98
0;4.09
76;6.63
91;5.18
;99
42;5.72
62;26.24
93;11.26
97;18.88
;100
1;10.79
97;4.72
111;10.33
;101
29;54.57
65;48.66
78;7.63
;102
83;13.53
118;2.83
;103
10;3.68
144;8.03
150;8.32
;104
90;12.73
95;12.56
;105
71;17.69
80;14.83
;106
63;3.14
68;2.92
;107
67;8.36
85;7.94
;108
3;12.42
58;12.73
;109
110;4.17
124;3.17
145;2.67
205;1.67
275;2.4
293;2.4
349;2.8
366;3.46
381;2.12
382;2.35
403;2.46
405;2.72
491;2.4
499;3.04
504;3.17
541;4.02
544;3.07
557;3.51
561;3.39
574;2.59
607;3.31
636;4.17
661;3.2
719;3.72
730;3.51
765;5.39
828;2.97
837;4.01
901;3.79
906;4.01
916;4.3
972;2.91
;110
87;5.09
109;4.17
;111
8;9.09
22;9.55
26;9.34
31;10.74
36;10.94
75;11.01
88;9.12
100;10.33
;112
66;4.59
242;8.32
247;8.18
;113
30;3.22
;114
20;3.56
;115
2;2.98
;116
6;3.2
;117
47;3.03
;118
102;2.83
;119
39;4.05
211;7.64
129;9.29
;120
48;3.85
;121
57;4.03
;122
86;4.41
;123
21;4.21
166;8.12
202;8.6
;124
109;3.17
87;6.61
;125
225;4.86
244;2.35
;126
131;5.88
210;7.47
243;19.1
;127
132;1.81
227;10.95
;128
217;4.48
;129
119;9.29
208;7.17
;130
135;3.5
345;2
;131
81;2
126;5.88
;132
96;2
127;1.81
356;2
;133
217;2.38
;134
141;8.96
146;10.49
213;6.33
;135
130;3.5
142;4.81
;136
139;8.5
143;7.71
180;11.91
240;6.38
;137
159;20.39
227;1.68
;138
212;2.07
238;13.5
;139
136;8.5
353;2
;140
145;3.4
151;3.21
212;3.65
;141
17;2
134;8.96
;142
74;2
135;4.81
;143
136;7.71
149;4.98
154;18.63
;144
103;8.03
185;6.63
;145
109;2.67
140;3.4
;146
134;10.49
152;9.23
157;5.45
218;6.15
;148
78;2
153;3.88
;149
64;2
143;4.98
;150
103;8.32
189;6.54
;151
140;3.21
399;1
;152
146;9.23
360;2
;153
148;3.88
163;4.25
;154
143;18.63
158;2.91
164;4.34
;155
43;1
220;1.72
271;1
;156
161;3.34
167;4.09
201;16.67
;157
146;5.45
162;5.91
168;10.93
;158
154;2.91
230;3.59
;159
137;20.39
165;8.92
249;8.67
;160
60;1
239;2.35
300;1
;161
156;3.34
236;3.2
;162
157;5.91
28;2
;163
153;4.25
378;2
;164
154;4.34
170;3.08
175;28.5
;165
159;8.92
171;2.44
176;5.04
;166
123;8.12
218;8.58
;167
156;4.09
173;3.52
178;19.89
;168
157;10.93
174;3.08
179;10.76
;169
50;2
180;7.65
;170
164;3.08
229;3.71
;171
165;2.44
337;2
;172
246;4.29
279;2
;173
167;3.52
235;3.27
;174
168;3.08
233;3
;175
164;28.5
181;4.52
;176
165;5.04
182;3.36
206;13.27
;177
246;2.79
;178
167;19.89
183;5.43
187;7.42
;179
184;2.99
188;15.56
;180
136;11.91
169;7.65
185;6.51
;181
175;4.52
186;7.15
190;14.65
391;2
425;2
;182
12;2
176;3.36
;183
1;2
178;5.43
;184
179;2.99
234;8.66
;185
144;6.63
180;6.51
189;16.28
240;11.92
;186
181;7.15
;187
178;7.42
192;9.23
197;6.06
245;10.58
;188
179;15.56
193;2.81
198;5.97
;189
150;6.54
185;16.28
194;6.06
215;11.79
;190
181;14.65
195;6.42
;191
196;2.62
200;14.97
206;20.17
;192
187;9.23
411;2
;193
188;2.81
234;9.18
;194
189;6.06
204;8.01
210;11.97
;195
190;6.42
199;1.99
;196
191;2.62
228;4.43
;197
187;6.06
202;8.76
208;10.49
239;8.41
;198
188;5.97
203;20.18
224;11.04
;199
195;1.99
;200
191;14.97
206;13.28
249;4.41
;201
156;16.67
207;21.04
212;12.16
;202
123;8.6
197;8.76
;203
198;20.18
209;4.86
;204
72;2
194;8.01
;205
109;1.67
224;2.41
;206
176;13.27
191;20.17
200;13.28
;207
201;21.04
225;5.61
;208
129;7.17
197;10.49
213;16.37
245;6.15
;209
203;4.86
214;5.24
219;1.96
;210
126;7.47
194;11.97
215;5.88
237;9.68
;211
119;7.64
213;7.52
;212
138;2.07
140;3.65
201;12.16
217;5.78
;213
134;6.33
208;16.37
211;7.52
218;10.58
;214
209;5.24
222;1.97
;215
189;11.79
210;5.88
220;5.25
247;8.52
;216
221;27.93
227;4.17
;217
128;4.48
133;2.38
212;5.78
;218
146;6.15
166;8.58
213;10.58
239;8.14
;219
76;2
209;1.96
;220
155;1.72
215;5.25
240;11.4
;221
216;27.93
241;3.08
243;4.07
;222
214;1.97
400;2
;223
69;1
249;2.3
438;1
;224
198;11.04
205;2.41
246;5.17
251;3.02
;225
125;4.86
207;5.61
226;2.07
;226
225;2.07
;227
127;10.95
137;1.68
216;4.17
;228
196;4.43
320;14.55
439;14.48
;229
170;3.71
;230
158;3.59
;231
241;4.01
;232
248;3.89
;233
174;3
;234
184;8.66
193;9.18
;235
173;3.27
;236
161;3.2
;237
210;9.68
365;2
;238
138;13.5
251;11.22
;239
160;2.35
197;8.41
218;8.14
;240
136;6.38
185;11.92
220;11.4
242;8.49
;241
221;3.08
231;4.01
;242
112;8.32
240;8.49
;243
126;19.1
221;4.07
248;2.99
;244
125;2.35
;245
187;10.58
208;6.15
250;9.16
;246
172;4.29
177;2.79
224;5.17
;247
112;8.18
215;8.52
;248
232;3.89
243;2.99
;249
159;8.67
200;4.41
223;2.3
;250
94;2
245;9.16
;251
224;3.02
238;11.22
;252
424;9.47
433;2.43
;253
261;5.41
279;2.33
435;5.13
;254
260;2.43
268;10.91
428;15.9
;255
362;5.37
414;18.04
429;6.23
;256
351;12.05
420;12.72
;257
264;5.92
438;2.19
;258
346;2.83
440;3.07
;259
262;4.01
270;19.43
429;15.98
;260
254;2.43
283;3.66
;261
253;5.41
269;1.87
;262
259;4.01
329;2.86
;263
274;2.97
466;8.41
474;8.91
;264
257;5.92
275;2.23
284;12.32
;265
274;2.78
285;4.06
347;8.44
;266
276;2.5
286;3.35
440;11.62
;267
328;2.78
430;2.85
;268
254;10.91
278;2.35
288;8.65
;269
261;1.87
512;2
;270
259;19.43
280;3.75
290;3.6
;271
155;1
281;1.2
497;1
;272
294;10.07
313;10.69
;273
434;2.55
;274
263;2.97
265;2.78
;275
109;2.4
264;2.23
;276
266;2.5
392;2.36
;277
287;19.96
328;4.92
332;11.27
;278
268;2.35
292;2.47
;279
172;2
253;2.33
;280
270;3.75
318;2.34
;281
271;1.2
291;10.42
308;17.07
321;11.8
;282
368;10.84
386;10.74
;283
260;3.66
;284
264;12.32
293;2.23
302;10.2
;285
265;4.06
294;3.07
303;19.61
;286
266;3.35
295;6.82
304;5.56
;287
277;19.96
296;4.99
;288
268;8.65
297;2.78
306;10.05
;289
298;2.89
307;15.85
421;5.81
;290
270;3.6
291;16.99
299;3.82
308;12.1
;291
281;10.42
290;16.99
372;11.75
;292
278;2.47
;293
109;2.4
284;2.23
;294
272;10.07
285;3.07
;295
286;6.82
335;5.86
345;3.8
;296
287;4.99
305;1.78
315;5.13
;297
288;2.78
301;2.35
;298
289;2.89
416;9.21
;299
290;3.82
310;2.09
;300
160;1
309;1.34
533;1
;301
297;2.35
;302
284;10.2
312;6.72
330;8.1
;303
285;19.61
313;2.99
321;18.4
;304
286;5.56
314;3.28
322;11.12
;305
296;1.78
;306
288;10.05
316;3.42
333;2.91
;307
289;15.85
317;3.45
325;25.9
;308
281;17.07
290;12.1
326;7.58
361;18.58
;309
300;1.34
325;14.02
354;11.75
388;14.48
;310
299;2.09
;311
333;3.36
;312
302;6.72
320;7.32
347;6.48
431;29.11
;313
272;10.69
303;2.99
;314
304;3.28
408;3.23
;315
296;5.13
323;2.07
;316
306;3.42
324;2.92
341;14.97
;317
307;3.45
416;9.61
;318
280;2.34
;319
324;3.33
;320
228;14.55
312;7.32
;321
281;11.8
303;18.4
338;6.99
372;8.91
;322
304;11.12
331;2.57
339;21.46
;323
315;2.07
;324
316;2.92
319;3.33
;325
307;25.9
309;14.02
342;7.99
376;11.67
;326
308;7.58
334;3.89
343;8
;327
424;9.21
427;2.98
;328
267;2.78
277;4.92
433;3.92
;329
262;2.86
;330
302;8.1
337;4.89
;331
322;2.57
396;2.72
;332
277;11.27
340;2.93
350;5.71
393;4.07
;333
306;2.91
311;3.36
;334
326;3.89
522;2
;335
295;5.86
487;2
;336
418;11.26
432;6.99
;337
171;2
330;4.89
;338
321;6.99
348;3.72
357;8.98
;339
322;21.46
349;2.71
358;6.92
;340
332;2.93
437;12.2
;341
316;14.97
351;2.35
359;4.71
;342
325;7.99
352;8.03
367;3.97
;343
326;8
353;4.18
;345
130;2
295;3.8
;346
258;2.83
482;8.65
490;9.17
;347
265;8.44
312;6.48
380;7.97
409;29.39
;348
338;3.72
547;2
;349
109;2.8
339;2.71
;350
332;5.71
374;4.02
383;3.14
;351
256;12.05
341;2.35
;352
342;8.03
360;4.28
;353
139;2
343;4.18
;354
309;11.75
358;14.67
376;13.92
;355
422;13.3
436;12.95
;356
132;2
364;3.97
548;2
;357
338;8.98
365;4
;358
339;6.92
354;14.67
373;3.14
;359
341;4.71
366;2.85
375;3.49
;360
152;2
352;4.28
;361
308;18.58
368;3.6
377;19.81
;362
255;5.37
369;7.1
378;3.83
;363
406;3.1
;364
356;3.97
371;1.79
;365
237;2
357;4
;366
109;3.46
359;2.85
;367
342;3.97
462;2
;368
282;10.84
361;3.6
;369
362;7.1
523;2
;370
394;2.68
;371
364;1.79
;372
291;11.75
321;8.91
381;2.99
397;9.98
;373
358;3.14
382;2.71
388;9.06
;374
350;4.02
;375
359;3.49
384;4.84
389;2.45
421;11.22
;376
325;11.67
354;13.92
385;3.64
390;4.03
;377
361;19.81
386;3.1
409;11.47
;378
163;2
362;3.83
;379
385;2.88
;380
347;7.97
;381
109;2.12
372;2.99
;382
109;2.35
373;2.71
;383
350;3.14
;384
375;4.84
400;3.33
413;5.11
;385
376;3.64
379;2.88
;386
282;10.74
377;3.1
;387
391;4.69
431;19.75
;388
309;14.48
373;9.06
398;7.49
427;21.6
;389
375;2.45
437;12.43
;390
376;4.03
394;3.74
401;11.94
;391
181;2
387;4.69
395;5.37
407;1.45
458;2
564;2
;392
276;2.36
;393
332;4.07
399;3.35
405;2.31
412;4.28
;394
370;2.68
390;3.74
;395
391;5.37
402;1.62
;396
331;2.72
;397
372;9.98
403;2.64
410;8.27
;398
388;7.49
404;8.42
419;3.14
;399
151;1
393;3.35
534;1
;400
222;2
384;3.33
;401
390;11.94
406;3.85
414;20.13
;402
395;1.62
;403
109;2.46
397;2.64
;404
398;8.42
411;4.14
;405
109;2.72
393;2.31
;406
363;3.1
401;3.85
;407
391;1.45
;408
314;3.23
519;8.86
539;8.73
;409
347;39.49
377;11.47
417;3.67
;410
397;8.27
418;2.71
426;16.47
;411
192;2
404;4.14
;412
393;4.28
420;2.87
428;3.14
;413
384;5.11
563;2
;414
255;18.04
401;20.13
422;3.75
;415
425;2.9
;416
298;9.21
317;9.61
;417
409;3.67
425;6.16
431;3.41
;418
336;11.26
410;2.71
;419
398;3.14
494;2
;420
256;12.72
412;2.87
;421
289;5.81
375;11.22
435;20.48
;422
355;13.3
414;3.75
;423
425;4.05
;424
252;9.47
327;9.21
;425
181;2
415;2.9
417;6.16
423;4.05
458;2
564;2
;426
410;16.47
432;2.71
440;7.92
;427
327;2.98
388;21.6
433;16.11
;428
254;15.9
412;3.14
434;2.35
;429
255;6.23
259;15.98
436;3.74
;430
267;2.85
526;8.65
545;8.89
;431
312;29.11
387;19.75
417;3.41
439;7.21
;432
336;6.99
426;2.71
;433
252;2.43
328;3.92
427;16.11
;434
273;2.55
428;2.35
;435
253;5.13
421;20.48
;436
355;12.95
429;3.74
;437
340;12.2
389;12.43
;438
223;1
257;2.19
518;1
;439
228;14.48
431;7.21
;440
258;3.07
266;11.62
426;7.92
;441
449;5.02
535;20.59
;442
590;13.15
597;2
;443
451;8.7
459;6.64
474;9.06
598;5.75
;444
452;7.39
476;9.19
545;8.71
599;8.44
;445
453;4.89
534;3.57
574;3.2
600;4.28
;446
454;9.01
470;3.99
579;7.43
;447
548;3.07
;448
537;2.9
;449
441;5.02
559;5.17
563;2.22
;450
458;5.75
525;11.22
;451
443;8.7
467;6.27
482;9.38
578;17.14
;452
444;7.39
460;8.9
478;7.17
;453
445;4.89
461;15.66
527;2.69
;454
446;9.01
462;4.13
;455
569;2.72
;456
524;3.05
;457
465;2.9
480;3.11
;458
391;2
425;2
450;5.75
589;4.29
596;3
677;2
716;2
;459
443;6.64
467;8.63
536;8.08
;460
452;8.9
468;9.79
476;6.73
557;3.43
;461
453;15.66
469;3.3
569;3.21
;462
367;2
454;4.13
;463
554;5.7
556;6.77
;464
503;3.35
;465
457;2.9
473;8.69
566;10.59
;466
263;8.41
592;8.84
;467
451;6.27
459;8.63
483;9.91
544;3.15
;468
460;9.79
561;3.18
;469
461;3.3
477;10.2
562;3.13
;470
446;3.99
604;2
;471
506;11.99
520;13.37
;472
481;3.67
;473
465;8.69
481;3.31
489;10.34
;474
263;8.91
443;9.06
;475
558;2.19
;476
444;9.19
460;6.73
539;8.94
586;16.64
;477
469;10.2
485;9.31
558;2.94
;478
452;7.17
486;9.75
501;3.84
;479
513;11.95
527;13.13
;480
457;3.11
;481
472;3.67
473;3.31
;482
346;8.65
451;9.38
;483
467;9.91
491;3.74
;484
581;2.95
;485
477;9.31
493;10.03
552;3.19
;486
478;9.75
494;4.13
;487
335;2
495;4.11
;488
517;12.66
591;12.67
;489
473;10.34
496;6
510;15.81
;490
346;9.17
578;9.79
;491
109;2.4
483;3.74
;492
512;2.89
528;6.28
538;4.11
;493
485;10.03
500;2.84
;494
419;2
486;4.13
;495
487;4.11
502;3.6
;496
489;6
503;3.34
518;2.06
;497
271;1
598;2.27
766;1
;498
530;5.25
568;2.82
;499
109;3.04
521;2.57
;500
493;2.84
507;12.61
546;3.18
;501
478;3.84
680;2
;502
495;3.6
805;2
;503
464;3.35
496;3.34
;504
109;3.17
511;3.26
;505
530;5.64
573;3.06
;506
471;11.99
528;2.82
;507
500;12.61
514;3.06
540;2.94
;508
515;7.9
529;4.64
567;7.8
;509
516;3.39
629;2
;510
489;15.81
517;2
524;3
531;2.55
;511
504;3.26
584;2.76
597;7.73
;512
269;2
492;2.89
;513
479;11.95
514;2.94
;514
507;3.06
513;2.94
521;4.89
;515
508;7.9
522;4.99
;516
509;3.39
523;4.05
;517
488;12.66
510;2
;518
438;1
496;2.06
676;1
;519
408;8.86
586;9.07
;520
471;13.37
600;2.74
;521
499;2.57
514;4.89
528;3.42
;522
334;2
515;4.99
;523
369;2
516;4.05
;524
456;3.05
510;3
;525
450;11.22
560;21.54
597;1.8
;526
430;8.65
593;8.81
;527
453;2.69
479;13.13
;528
492;6.28
506;2.82
521;3.42
535;11.99
;529
508;4.64
657;2
;530
498;5.25
505;5.64
;531
510;2.55
537;3.37
541;3.47
543;8.81
;532
546;3.04
;533
300;1
599;1.96
666;1
;534
399;1
445;3.57
651;1
;535
441;20.59
528;11.99
;536
459;8.08
542;8.76
553;4.12
;537
448;2.9
531;3.37
;538
492;4.11
683;2
;539
408;8.73
476;8.94
;540
507;2.94
577;2.67
;541
109;4.02
531;3.47
;542
536;8.76
547;4.3
;543
531;8.81
549;2
555;7.73
;544
109;3.07
467;3.15
;545
430;8.89
444;8.71
;546
500;3.18
532;3.04
;547
542;4.3
348;2
;548
356;2
447;3.07
555;5.87
565;3.28
742;2
;549
543;2
590;12.27
;550
552;2.54
;551
581;3.95
;552
485;3.19
550;2.54
;553
821;2
536;4.12
;554
463;5.7
585;3.45
;555
543;7.73
548;5.87
;556
463;6.77
572;3.41
;557
109;3.51
460;3.43
;558
475;2.19
477;2.94
;559
449;5.17
580;2.22
;560
525;21.54
564;5.24
;561
109;3.39
468;3.18
;562
469;3.13
587;2.64
;563
413;2
449;2.22
;564
391;2
425;2
560;5.24
571;5.24
583;2.41
677;2
716;2
;565
548;3.28
;566
465;10.59
584;16.24
;567
508;7.8
572;7.9
592;6.24
;568
498;2.82
573;9.91
;569
455;2.72
461;3.21
;570
582;2.96
;571
564;5.24
576;2.83
;572
556;3.41
567;7.9
578;6.38
585;10.66
;573
505;3.06
568;9.91
579;8.2
586;6.74
;574
109;2.59
445;3.2
;575
582;5.46
594;20.06
;576
571;2.83
;577
540;2.67
;578
451;17.14
490;9.79
572;6.38
592;8.07
;579
446;7.43
573;8.2
593;6.86
;580
559;2.22
781;2
;581
484;2.95
551;3.95
600;5.65
;582
570;2.96
575;5.46
588;5.31
;583
564;2.41
;584
511;2.76
566;16.24
591;2.25
;585
554;3.45
572;10.66
;586
519;9.07
573;6.74
476;16.64
593;8.93
;587
562;2.64
;588
582;5.31
595;2.66
;589
458;4.29
;590
442;13.15
549;12.27
;591
488;12.67
584;2.25
;592
466;8.84
567;6.24
578;8.07
598;11.19
;593
526;8.81
586;8.93
579;6.86
599;8.81
;594
575;20.06
600;11.26
;595
588;2.66
;596
458;3
;597
442;2
511;7.73
525;1.8
;598
443;5.75
497;2.27
592;11.19
;599
444;8.44
533;1.96
593;8.81
;600
445;4.28
520;2.74
581;5.65
594;11.26
;601
610;16.14
626;10.49
;602
802;2.86
963;2
;603
773;11.48
803;3.85
;604
470;2
823;2.53
;605
614;3.98
810;3.56
;606
753;2.04
;607
109;3.31
808;2.62
;608
619;13.08
745;11.86
;609
738;11.81
739;10.32
;610
601;16.14
619;2.23
627;2.87
;611
620;5.93
678;7.21
766;17.89
;612
763;11.66
813;3.87
;613
675;16.2
795;13.05
;614
605;3.98
796;4.54
824;2.9
;615
816;2.55
;616
624;31.25
625;5.23
632;10.79
808;4.48
;617
749;3.23
;618
626;3.39
811;2.27
;619
608;13.08
610;2.23
;620
611;5.93
628;12.49
637;3.86
;621
743;2.79
822;3.76
;622
639;13.83
666;2.04
786;15.55
;623
696;2.31
;624
616;31.25
631;5.84
641;4.89
797;10.28
;625
616;5.23
772;3.81
781;2.31
;626
601;10.49
618;3.39
645;9.1
;627
610;2.87
636;3.56
646;8.54
;628
620;12.49
674;17.27
;629
509;2
638;10.34
;630
699;11.36
769;10.88
;631
624;5.84
790;4.09
799;2.46
;632
616;10.79
642;19.23
760;2.75
797;31.44
;633
656;12.86
783;12.19
;634
752;2.8
;635
645;3.7
809;2.37
;636
109;4.17
627;3.56
;637
620;3.86
647;8.25
668;3.09
;638
629;10.34
648;3.74
822;7.16
;639
622;13.83
649;6.92
709;7.71
;640
650;3.34
763;10.85
;641
624;4.89
651;3.67
661;3.36
672;4.78
;642
632;19.23
652;5.1
;643
725;10.81
792;7.32
;644
777;3.71
;645
626;9.1
635;3.7
705;10.95
;646
627;8.54
656;2.85
667;4
706;20.53
;647
637;8.25
657;2.84
;648
638;3.74
658;3.07
669;4.31
;649
639;6.92
659;4.08
700;11.79
;650
640;3.34
660;10.23
824;12.04
;651
534;1
641;3.67
860;1
;652
642;5.1
662;5.29
683;2.15
;653
722;12.74
793;16.78
;654
748;3.09
;655
665;3.02
676;2.91
686;4.39
705;4.52
;656
633;12.86
646;2.85
;657
529;2
647;2.84
;658
648;3.07
733;3.13
;659
649;4.08
670;7.94
690;2.38
;660
650;10.23
671;3.84
681;4.34
;661
109;3.2
641;3.36
;662
652;5.29
673;1.94
;663
703;15.42
712;13.58
917;16.9
946;15.09
;664
718;3.58
;665
655;3.02
818;2.07
;666
533;1
622;2.04
920;1
;667
646;4
677;6.07
687;9.39
;668
637;3.09
890;2
;669
648;4.31
679;9.51
689;14.74
;670
659;7.94
680;2.73
;671
660;3.84
800;3.89
;672
641;4.78
682;2.76
692;15.67
;673
662;1.94
;674
628;17.27
693;12.9
;675
613;16.2
740;15
;676
518;1
655;2.91
855;1
;677
458;2
564;2
667;6.07
697;3.18
732;4.11
829;2
876;2
;678
611;7.21
688;5.67
720;28.85
794;18.79
;679
669;9.51
878;2
;680
501;2
670;2.73
;681
660;4.34
701;15.63
;682
672;2.76
691;3.06
782;12.21
;683
538;2
652;2.15
;684
737;2.88
;685
750;14.33
770;15.09
898;16.48
929;15.15
;686
655;4.39
696;2.62
;687
667;9.39
693;5.41
703;4.89
;688
678;5.67
698;4.1
;689
669;14.74
699;4.65
708;2.96
;690
659;2.38
858;2
;691
681;3.06
773;11.05
;692
672;15.67
702;2.86
711;3.77
;693
674;12.9
687;5.41
;694
747;3.06
;695
700;16.96
779;14.3
;696
623;2.31
686;2.62
;697
677;3.18
;698
688;4.1
707;4.48
737;2.84
;699
630;11.36
689;4.65
;700
649;11.79
695;16.96
720;8.98
;701
681;15.63
710;3.85
;702
692;2.86
764;3.31
;703
663;15.42
687;4.89
;704
757;3
;705
645;10.95
655;4.52
715;11.03
;706
646;20.53
716;5.43
;707
698;4.48
717;9.91
747;2.6
;708
689;2.96
718;2.28
728;11.8
;709
639;7.71
719;3.74
729;21.09
768;29.7
;710
701;3.85
791;3.34
;711
692;3.77
721;2.68
731;11.2
;712
663;13.58
820;5.04
;713
767;3
;714
798;3.37
;715
705;11.03
725;2.93
735;5.12
;716
458;2
564;2
706;5.43
726;5.19
746;2.51
829;2
876;2
;717
707;9.91
727;1.81
794;5.56
;718
664;3.58
708;2.28
;719
109;3.72
709;3.74
;720
678;28.85
701;8.98
730;4.56
775;6.7
;721
711;2.68
754;3.04
;722
653;12.74
820;5.39
;723
785;3.18
;724
780;4.2
;725
643;10.81
715;2.93
;726
716;5.19
736;2.27
;727
717;1.81
757;2.67
776;4.41
;728
708;11.8
738;4.42
758;4.54
;729
709;21.09
739;3.3
749;3.85
759;14.62
;730
109;3.51
720;4.56
;731
711;11.2
741;2.34
751;8.86
;732
677;4.11
;733
658;3.13
;734
761;3.45
;735
715;5.12
745;2.93
755;2.88
;736
726;2.27
;737
684;2.88
698;2.84
;738
609;11.81
728;4.42
;739
609;10.32
729;3.3
;740
675;15
760;4.04
;741
731;2.34
744;3.08
;742
548;2
801;7.58
968;2
;743
621;2.79
;744
741;3.08
;745
608;11.86
735;2.93
;746
716;2.51
;747
694;3.06
707;2.6
;748
654;3.09
758;2.72
;749
617;3.23
729;3.85
;750
685;14.33
760;4.94
;751
731;8.86
761;2.75
771;10.68
;752
634;2.8
762;3.94
;753
606;2.04
816;5.19
;754
721;3.04
;755
735;2.88
765;3.97
774;7.59
;756
766;2.45
;757
704;3
727;2.67
;758
728;4.54
748;2.72
768;16.78
;759
729;14.62
762;5.15
769;3.27
;760
632;2.75
740;4.04
750;4.94
;761
734;3.45
751;2.75
;762
752;3.94
759;5.15
778;3.96
;763
612;11.66
640;10.85
;764
702;3.31
;765
109;5.39
755;3.97
;766
497;1
611;17.89
756;2.45
775;11.07
934;1
;767
713;3
776;2.72
;768
709;29.7
758;16.78
777;2.95
786;6.8
;769
630;10.88
759;3.27
;770
685;15.09
788;4.78
;771
751;10.68
780;2.96
789;3.36
;772
625;3.81
931;2
;773
603;11.48
691;11.05
;774
755;7.59
783;2.65
792;3.27
801;8.16
;775
720;6.7
766;11.07
784;6.95
;776
727;4.41
767;2.72
785;6
;777
644;3.71
768;2.95
;778
762;3.96
787;3.69
796;7.37
;779
695;14.3
788;4.44
;780
724;4.2
771;2.96
;781
580;2
625;2.31
;782
682;12.21
817;12.73
;783
633;12.19
774;2.65
;784
775;6.95
793;13.13
802;3.74
;785
723;3.18
776;6
;786
622;15.55
768;6.8
795;5.67
;787
778;3.69
819;3.02
;788
770;4.78
779;4.44
797;2.34
;789
771;3.36
798;3.76
807;15.98
;790
631;4.09
;791
710;3.34
;792
643;7.32
774;3.27
;793
653;16.78
784;13.13
;794
678;18.79
717;5.56
803;5.1
;795
613;13.05
786;5.67
804;4.19
;796
614;4.54
778;7.37
805;8.99
;797
624;10.28
632;31.44
788;2.34
806;20.55
;798
714;3.37
789;3.76
;799
631;2.46
;800
671;3.89
;801
742;7.58
774;8.16
820;6.08
;802
602;2.86
784;3.74
812;9.01
;803
603;3.85
794;5.1
813;14.28
;804
795;4.19
814;2.52
823;8.41
;805
502;2
796;8.99
;806
797;20.55
816;5.09
;807
789;15.98
808;4.29
817;3.06
;808
607;2.62
616;4.48
807;4.29
;809
635;2.37
;810
605;3.56
;811
618;2.27
;812
802;9.01
821;3.09
;813
612;3.87
803;14.28
822;6.01
;814
804;2.52
948;2
;815
824;8.31
885;2
;816
615;2.55
753;5.19
806;5.09
;817
782;12.73
807;3.06
;818
665;2.07
;819
787;3.02
;820
712;5.04
722;5.39
801;6.08
;821
553;2
812;3.09
;822
621;3.76
638;7.16
813;6.01
;823
604;2.53
804;8.41
;824
614;2.9
650;12.04
815;8.31
;825
860;4.04
900;6.91
966;3.93
972;3.52
;826
832;4.4
909;2.18
965;9.86
;827
950;13.04
973;2.54
;828
109;2.97
967;2.44
;829
677;2
716;2
842;7
;830
836;2.74
843;2.49
;831
837;3.07
844;4.88
874;9.42
;832
826;4.4
838;2.34
845;20.09
;833
839;18.96
846;2.83
900;5.43
;834
891;10.78
964;10.68
;835
842;3
973;11.87
;836
830;2.74
881;11.07
;837
109;4.01
831;3.07
;838
832;2.34
840;10.87
;839
833;18.96
865;3.1
;840
838;10.87
852;10.86
;841
925;3.7
848;2.49
;842
829;7
835;3
;843
830;2.49
850;2.22
857;17.74
967;11.24
;844
831;4.88
851;10.28
892;4.64
;845
832;20.09
852;2.05
859;4.68
;846
833;2.83
871;3
;847
866;3.7
;848
841;2.49
855;2.62
862;11.36
;849
856;11.07
973;20.75
;850
843;2.22
868;8.25
;851
844;10.28
858;8.73
;852
840;10.86
845;2.05
;853
900;7.87
957;16.37
;854
877;11.08
884;10.28
;855
676;1
848;2.62
;856
849;11.07
876;2.65
;857
843;17.74
864;2.58
870;4.78
;858
851;8.73
;859
845;4.68
866;2.24
941;5.9
;860
651;1
825;4.04
;861
879;10.94
886;10.36
;862
848;11.36
869;4.73
926;5.99
;863
894;3.02
;864
857;2.58
881;10.78
;865
839;3.1
;866
847;3.7
859;2.24
;867
873;7.32
880;7.48
899;7.4
900;28.76
;868
850;8.25
921;9.22
935;6.16
971;7.22
;869
862;4.73
875;9.13
882;29.85
908;8.19
;870
857;4.78
877;2.71
897;20.24
;871
846;3
;872
879;2.26
893;20.28
941;10.19
;873
867;7.32
957;16.05
;874
831;9.42
912;3.29
958;20.22
;875
932;15.34
869;9.13
;876
677;2
716;2
856;2.65
;877
854;11.08
870;2.71
;878
679;2
911;5.62
921;4.04
;879
861;10.94
872;2.26
;880
867;7.48
887;18.75
894;2.44
;881
836;11.07
864;10.78
;882
869;29.85
889;9.6
895;8.08
;883
940;6.23
967;5.3
969;9.79
;884
854;10.28
897;2.95
;885
815;2
928;5.94
935;4.66
;886
861;10.36
893;2.54
;887
880;18.75
952;3.49
;888
905;10.77
913;10.39
;889
882;9.6
932;15.31
;890
668;2
896;7.61
;891
834;10.78
947;2.9
;892
844;4.64
898;10.81
904;15.89
;893
872;20.28
886;2.54
918;3.91
;894
863;3.02
880;2.44
;895
882;8.08
901;3.69
973;7.95
;896
890;7.61
919;8.46
;897
870;20.24
884;2.95
903;1.93
;898
685;16.48
892;10.81
;899
867;7.4
906;4.21
944;3.65
;900
825;6.91
833;5.43
853;7.87
867;28.76
;901
109;3.79
895;3.69
;902
912;10.84
970;10.93
;903
897;1.93
911;12.16
947;2.03
;904
892;15.89
920;3.29
922;16.09
;905
888;10.77
918;2.26
;906
109;4.01
899;4.21
;907
945;3.58
;908
869;8.19
916;3.12
926;5.54
956;8.3
;909
826;2.18
961;10.9
;910
917;10.24
919;4.17
927;19.65
;911
878;5.62
903;12.16
921;2.33
928;17.84
;912
874;3.29
902;10.84
;913
888;10.39
923;2.44
;914
930;20.93
944;11.37
;915
933;3.36
;916
109;4.3
908;3.12
;917
663;16.9
910;10.24
;918
893;3.91
905;2.26
923;20.28
;919
896;8.46
910;4.17
923;8.18
;920
666;1
904;3.29
;921
868;9.22
878;4.04
911;2.33
;922
904;16.09
929;11.03
936;5.29
;923
913;2.44
918;20.28
919;8.18
;924
930;4.88
931;2.25
;925
841;3.7
;926
862;5.99
908;5.54
933;3
939;10.49
;927
910;19.65
934;2.44
940;12.51
;928
885;5.94
911;17.84
935;2.3
941;12.34
;929
685;15.15
922;11.03
;930
914;20.93
924;4.88
;931
772;2
924;2.25
;932
875;15.34
889;15.31
;933
915;3.36
926;3
;934
766;1
927;2.44
;935
868;6.16
885;4.66
928;2.3
;936
922;5.29
942;10.93
954;5.46
;937
943;5.15
960;20.72
;938
944;10
;939
926;10.49
945;2.78
956;5.19
962;9.43
;940
883;6.23
927;12.51
946;12.06
;941
859;5.9
872;10.19
928;12.34
;942
936;10.93
948;7.02
;943
937;5.15
949;2.32
;944
899;3.65
914;11.37
938;10
;945
907;3.58
939;2.78
;946
663;15.09
940;12.06
;947
891;2.9
903;2.03
953;20.12
;948
814;2
942;7.02
;949
943;2.32
;950
827;13.04
951;12.1
;951
950;12.1
956;2.07
;952
887;3.49
;953
947;20.12
958;4.77
964;3.07
;954
936;5.46
959;2.45
965;10.24
;955
966;9.45
;956
908;8.3
939;5.19
951;2.07
962;8.18
;957
853;16.37
873;16.05
;958
874;20.22
953;4.77
970;3.08
;959
954;2.45
961;11.04
;960
937;20.72
966;11.38
;961
909;10.9
959;11.04
;962
939;9.43
956;8.18
968;7.43
;963
602;2
969;7.33
;964
834;10.68
953;3.07
;965
826;9.86
954;10.24
971;2.25
;966
825;3.93
955;9.45
960;11.38
;967
828;2.44
843;11.24
883;5.3
;968
742;2
962;7.43
;969
883;9.79
963;7.33
;970
902;10.93
958;3.08
;971
868;7.22
965;2.25
;972
109;2.91
825;3.52
;973
827;2.54
835;11.87
849;20.75
895;7.95

